{"cameraMode":{"drawMode":0,"name":"Shaded","section":"Shading Mode"},"sceneLighting":false,"audioPlay":false,"sceneViewState":{"showFog":true,"showMaterialUpdate":false,"showSkybox":true,"showFlares":true,"showImageEffects":true,"showParticleSystems":true},"in2DMode":false,"pivot":{"x":-4.448554039001465,"y":2.573023796081543,"z":3.1033267974853517},"rotation":{"x":-0.06932857632637024,"y":-0.9089717268943787,"z":0.3752327263355255,"w":-0.16796278953552247},"size":19.025964736938478,"orthographic":false}