{"cameraMode":{"drawMode":0,"name":"Shaded","section":"Shading Mode"},"sceneLighting":false,"audioPlay":false,"sceneViewState":{"showFog":true,"showMaterialUpdate":false,"showSkybox":true,"showFlares":true,"showImageEffects":true,"showParticleSystems":true},"in2DMode":false,"pivot":{"x":1.3621406555175782,"y":3.360872745513916,"z":14.256939888000489},"rotation":{"x":-0.08643586933612824,"y":-0.3621334135532379,"z":0.03400873392820358,"w":-0.9277163743972778},"size":19.354854583740236,"orthographic":false}