{"cameraMode":{"drawMode":0,"name":"Shaded","section":"Shading Mode"},"sceneLighting":false,"audioPlay":false,"sceneViewState":{"showFog":true,"showMaterialUpdate":false,"showSkybox":true,"showFlares":true,"showImageEffects":true,"showParticleSystems":true},"in2DMode":false,"pivot":{"x":-0.41705775260925295,"y":0.875754714012146,"z":0.03525733947753906},"rotation":{"x":0.021580824628472329,"y":-0.028777657076716424,"z":-0.0006358809769153595,"w":-0.9993826150894165},"size":3.890333652496338,"orthographic":false}