{"cameraMode":{"drawMode":0,"name":"Shaded","section":"Shading Mode"},"sceneLighting":false,"audioPlay":false,"sceneViewState":{"showFog":true,"showMaterialUpdate":false,"showSkybox":true,"showFlares":true,"showImageEffects":true,"showParticleSystems":true},"in2DMode":false,"pivot":{"x":10.801876068115235,"y":33.94373321533203,"z":71.66807556152344},"rotation":{"x":0.02148490957915783,"y":-0.5916368961334229,"z":0.015349925495684147,"w":0.8062394261360169},"size":36.12632751464844,"orthographic":false}