{"cameraMode":{"drawMode":0,"name":"Shaded","section":"Shading Mode"},"sceneLighting":false,"audioPlay":false,"sceneViewState":{"showFog":true,"showMaterialUpdate":false,"showSkybox":true,"showFlares":true,"showImageEffects":true,"showParticleSystems":true},"in2DMode":false,"pivot":{"x":963.137451171875,"y":327.77001953125,"z":-377.2373352050781},"rotation":{"x":-0.1616201549768448,"y":0.00023013164172880352,"z":-0.0001122024332289584,"w":0.9870458841323853},"size":4.221227645874023,"orthographic":false}