{"cameraMode":{"drawMode":0,"name":"Shaded","section":"Shading Mode"},"sceneLighting":false,"audioPlay":false,"sceneViewState":{"showFog":true,"showMaterialUpdate":false,"showSkybox":true,"showFlares":true,"showImageEffects":true,"showParticleSystems":true},"in2DMode":false,"pivot":{"x":3.000000238418579,"y":9.00001335144043,"z":2.9999992847442629},"rotation":{"x":-0.010192426852881909,"y":0.709875762462616,"z":-0.009329146705567837,"w":-0.7046989798545837},"size":36.12631607055664,"orthographic":true}