{"cameraMode":{"drawMode":0,"name":"Shaded","section":"Shading Mode"},"sceneLighting":false,"audioPlay":false,"sceneViewState":{"showFog":true,"showMaterialUpdate":false,"showSkybox":true,"showFlares":true,"showImageEffects":true,"showParticleSystems":true},"in2DMode":false,"pivot":{"x":928.174072265625,"y":523.3804321289063,"z":-178.68765258789063},"rotation":{"x":0.02220281772315502,"y":-0.01329936645925045,"z":0.00004274307138985023,"w":0.9998531937599182},"size":743.593017578125,"orthographic":false}