{"cameraMode":{"drawMode":0,"name":"Shaded","section":"Shading Mode"},"sceneLighting":false,"audioPlay":false,"sceneViewState":{"showFog":true,"showMaterialUpdate":false,"showSkybox":true,"showFlares":true,"showImageEffects":true,"showParticleSystems":true},"in2DMode":false,"pivot":{"x":2.980232238769531e-7,"y":4.00001335144043,"z":3.000000238418579},"rotation":{"x":-0.026520859450101854,"y":-0.11084771156311035,"z":-0.0031069153919816019,"w":0.993598222732544},"size":19.248485565185548,"orthographic":false}