{"cameraMode":{"drawMode":0,"name":"Shaded","section":"Shading Mode"},"sceneLighting":false,"audioPlay":false,"sceneViewState":{"showFog":true,"showMaterialUpdate":false,"showSkybox":true,"showFlares":true,"showImageEffects":true,"showParticleSystems":true},"in2DMode":false,"pivot":{"x":0.329623818397522,"y":0.10723205655813217,"z":0.21827156841754914},"rotation":{"x":0.00299194292165339,"y":0.991374135017395,"z":-0.13011176884174348,"w":0.023025089874863626},"size":1.8499294519424439,"orthographic":false}