{"cameraMode":{"drawMode":0,"name":"Shaded","section":"Shading Mode"},"sceneLighting":false,"audioPlay":false,"sceneViewState":{"showFog":true,"showMaterialUpdate":false,"showSkybox":true,"showFlares":true,"showImageEffects":true,"showParticleSystems":true},"in2DMode":false,"pivot":{"x":3.331813335418701,"y":-0.2929115295410156,"z":3.8784422874450685},"rotation":{"x":-0.5363006591796875,"y":0.4635363519191742,"z":-0.5073638558387756,"w":-0.4901789128780365},"size":7.663935661315918,"orthographic":false}